size,time_seconds,memory_KB
64x64,0.89,739.92578125
128x128,2.4,406.435546875
224x224,3.89,1232.408203125
512x512,7.25,6391.552734375
