size,time_seconds,memory_KB
64x64,0.88,737.01953125
128x128,2.54,404.6357421875
224x224,4.04,1228.5498046875
512x512,7.46,6393.44140625
