,width,height
min,210.0,220.0
max,736.0,1308.0
mean,545.6435897435897,629.2692307692307
